Type,Precision (P),Recall (R),Residual Recall (R+),F1,"# of TP","# of FP","# of FN","# of Correspondences",Time,Time (HH:MM:SS)
ALL,0.8864908073541167,0.6656662665066027,0.23626373626373626,0.7603702434007542,1109,142,557,2661,2105734215815,00:35:05
CLASSES,1.0,1.0,0.0,1.0,2,0,0,8,-,-
PROPERTIES,1.0,0.9090909090909091,0.9090909090909091,0.9523809523809523,10,0,1,15,-,-
INSTANCES,0.8853914447134786,0.6636418632788869,0.22594142259414227,0.7586445366528354,1097,142,556,2638,-,-
