Type,Precision (P),Recall (R),Residual Recall (R+),F1,"# of TP","# of FP","# of FN","# of Correspondences",Time,Time (HH:MM:SS)
ALL,0.6805728518057285,0.656062424969988,0.21703296703296704,0.6680929095354524,1093,513,573,11807,2356015272282,00:39:16
CLASSES,1.0,1.0,0.0,1.0,2,0,0,8,-,-
PROPERTIES,1.0,0.9090909090909091,0.9090909090909091,0.9523809523809523,10,0,1,15,-,-
INSTANCES,0.678168130489335,0.6539624924379915,0.20641562064156208,0.6658453957499231,1081,513,572,11784,-,-
