Type,Precision (P),Recall (R),Residual Recall (R+),F1,"# of TP","# of FP","# of FN","# of Correspondences",Time,Time (HH:MM:SS)
ALL,0.9404086265607264,0.9314221472737493,0.620253164556962,0.9358938153064107,1657,105,122,6075,1843993012702,00:30:43
CLASSES,1.0,0.5384615384615384,0.0,0.7000000000000001,7,0,6,24,-,-
PROPERTIES,0.9743589743589743,0.926829268292683,0.926829268292683,0.9500000000000001,38,1,3,70,-,-
INSTANCES,0.9393939393939394,0.9344927536231884,0.587360594795539,0.9369369369369369,1612,104,113,5981,-,-
