Type,Precision (P),Recall (R),Residual Recall (R+),F1,"# of TP","# of FP","# of FN","# of Correspondences",Time,Time (HH:MM:SS)
ALL,0.8556891766882516,0.8251561106155219,0.5534441805225653,0.8401453224341509,925,156,196,4052,1619903914583,00:26:59
CLASSES,1.0,0.6,0.0,0.7499999999999999,3,0,2,10,-,-
PROPERTIES,1.0,1.0,1.0,1.0,20,0,0,42,-,-
INSTANCES,0.8525519848771267,0.822992700729927,0.5338345864661654,0.8375116063138347,902,156,194,4000,-,-
