Type,Precision (P),Recall (R),Residual Recall (R+),F1,"# of TP","# of FP","# of FN","# of Correspondences",Time,Time (HH:MM:SS)
ALL,0.9224806201550387,0.9160251924422673,0.5265306122448979,0.9192415730337079,1309,110,120,3582,1690713636370,00:28:10
CLASSES,1.0,0.8,0.0,0.888888888888889,12,0,3,28,-,-
PROPERTIES,1.0,0.8928571428571429,0.8928571428571429,0.9433962264150945,50,0,6,103,-,-
INSTANCES,0.9189388356669123,0.9182621502209131,0.42473118279569894,0.9186003683241252,1247,110,111,3451,-,-
