Type,Precision (P),Recall (R),Residual Recall (R+),F1,"# of TP","# of FP","# of FN","# of Correspondences",Time,Time (HH:MM:SS)
ALL,0.8293795620437956,0.8108831400535237,0.517814726840855,0.8200270635994588,909,187,212,4831,1660323705946,00:27:40
CLASSES,1.0,0.6,0.0,0.7499999999999999,3,0,2,10,-,-
PROPERTIES,1.0,1.0,1.0,1.0,20,0,0,42,-,-
INSTANCES,0.825722273998136,0.8083941605839416,0.49624060150375937,0.8169663439372984,886,187,210,4779,-,-
