Type,Precision (P),Recall (R),Residual Recall (R+),F1,"# of TP","# of FP","# of FN","# of Correspondences",Time,Time (HH:MM:SS)
ALL,0.9015544041450777,0.776092774308653,0.42992874109263657,0.8341323106423777,870,95,251,2469,1476431544330,00:24:36
CLASSES,1.0,0.6,0.0,0.7499999999999999,3,0,2,10,-,-
PROPERTIES,1.0,1.0,1.0,1.0,20,0,0,42,-,-
INSTANCES,0.8991507430997877,0.7728102189781022,0.40350877192982454,0.8312070657507361,847,95,249,2417,-,-
