Type,Precision (P),Recall (R),Residual Recall (R+),F1,"# of TP","# of FP","# of FN","# of Correspondences",Time,Time (HH:MM:SS)
ALL,0.8811764705882353,0.880046998504593,0.488328664799253,0.8806113723813597,8239,1111,1123,17041,5771349141636,01:36:11
CLASSES,1.0,0.2857142857142857,0.0,0.4444444444444445,4,0,10,21,-,-
PROPERTIES,1.0,0.9245283018867925,0.9245283018867925,0.9607843137254902,49,0,4,88,-,-
INSTANCES,0.8804990857265784,0.8806885422270038,0.47955747955747957,0.8805938037865749,8186,1111,1109,16932,-,-
