Type,Precision (P),Recall (R),Residual Recall (R+),F1,"# of TP","# of FP","# of FN","# of Correspondences",Time,Time (HH:MM:SS)
ALL,0.9498003422703936,0.9359190556492412,0.6455696202531646,0.9428086070215176,1665,88,114,5226,1615023264587,00:26:55
CLASSES,1.0,0.5384615384615384,0.0,0.7000000000000001,7,0,6,24,-,-
PROPERTIES,0.9743589743589743,0.926829268292683,0.926829268292683,0.9500000000000001,38,1,3,70,-,-
INSTANCES,0.9490333919156415,0.9391304347826087,0.6171003717472119,0.9440559440559441,1620,87,105,5132,-,-
