Type,Precision (P),Recall (R),Residual Recall (R+),F1,"# of TP","# of FP","# of FN","# of Correspondences",Time,Time (HH:MM:SS)
ALL,0.6732186732186732,0.6578631452581032,0.21978021978021978,0.6654523375834851,1096,532,570,11761,3323338278905,00:55:23
CLASSES,1.0,1.0,0.0,1.0,2,0,0,8,-,-
PROPERTIES,1.0,0.9090909090909091,0.9090909090909091,0.9523809523809523,10,0,1,15,-,-
INSTANCES,0.6707920792079208,0.6557773744706594,0.20920502092050208,0.6631997552768432,1084,532,569,11738,-,-
