Type,Precision (P),Recall (R),Residual Recall (R+),F1,"# of TP","# of FP","# of FN","# of Correspondences",Time,Time (HH:MM:SS)
ALL,0.9240596167494677,0.9111266620013996,0.4897959183673469,0.9175475687103594,1302,107,127,3435,1795158168347,00:29:55
CLASSES,1.0,0.8,0.0,0.888888888888889,12,0,3,28,-,-
PROPERTIES,1.0,0.8928571428571429,0.8928571428571429,0.9433962264150945,50,0,6,103,-,-
INSTANCES,0.9205642167780252,0.9131075110456554,0.3763440860215054,0.9168207024029573,1240,107,118,3304,-,-
