Type,Precision (P),Recall (R),Residual Recall (R+),F1,"# of TP","# of FP","# of FN","# of Correspondences",Time,Time (HH:MM:SS)
ALL,0.9329488103821196,0.9055283414975507,0.46530612244897956,0.9190340909090908,1294,93,135,2963,1873270099998,00:31:13
CLASSES,1.0,0.8,0.0,0.888888888888889,12,0,3,28,-,-
PROPERTIES,1.0,0.8928571428571429,0.8928571428571429,0.9433962264150945,50,0,6,103,-,-
INSTANCES,0.929811320754717,0.9072164948453608,0.34408602150537637,0.9183749534103616,1232,93,126,2832,-,-
